city_name,state,population,latitude,longitude,data_source
New York,New York,8405837,40.7127837,-74.00594129999999,plotly_top1k
Los Angeles,California,3884307,34.0522342,-118.24368490000002,plotly_top1k
Chicago,Illinois,2718782,41.8781136,-87.62979820000001,plotly_top1k
Houston,Texas,2195914,29.7604267,-95.3698028,plotly_top1k
Philadelphia,Pennsylvania,1553165,39.9525839,-75.1652215,plotly_top1k
Phoenix,Arizona,1513367,33.4483771,-112.0740373,plotly_top1k
San Antonio,Texas,1409019,29.4241219,-98.4936282,plotly_top1k
San Diego,California,1355896,32.715738,-117.1610838,plotly_top1k
Dallas,Texas,1257676,32.7766642,-96.7969879,plotly_top1k
San Jose,California,998537,37.3382082,-121.88632859999998,plotly_top1k
Austin,Texas,885400,30.267153000000004,-97.7430608,plotly_top1k
Indianapolis,Indiana,843393,39.768403,-86.158068,plotly_top1k
Jacksonville,Florida,842583,30.3321838,-81.655651,plotly_top1k
San Francisco,California,837442,37.7749295,-122.4194155,plotly_top1k
Columbus,Ohio,822553,39.9611755,-82.9987942,plotly_top1k
Charlotte,North Carolina,792862,35.2270869,-80.8431267,plotly_top1k
Fort Worth,Texas,792727,32.7554883,-97.3307658,plotly_top1k
Detroit,Michigan,688701,42.331427000000005,-83.0457538,plotly_top1k
El Paso,Texas,674433,31.7775757,-106.4424559,plotly_top1k
Memphis,Tennessee,653450,35.1495343,-90.0489801,plotly_top1k
Seattle,Washington,652405,47.6062095,-122.33207079999998,plotly_top1k
Denver,Colorado,649495,39.7392358,-104.990251,plotly_top1k
Washington,District of Columbia,646449,38.9071923,-77.03687070000001,plotly_top1k
Boston,Massachusetts,645966,42.3600825,-71.0588801,plotly_top1k
Nashville,Tennessee,634464,36.1626638,-86.78160159999999,plotly_top1k
Baltimore,Maryland,622104,39.2903848,-76.6121893,plotly_top1k
Oklahoma City,Oklahoma,610613,35.4675602,-97.5164276,plotly_top1k
Louisville,Kentucky,609893,38.2526647,-85.7584557,plotly_top1k
Portland,Oregon,609456,45.523062200000005,-122.6764816,plotly_top1k
Las Vegas,Nevada,603488,36.1699412,-115.13982959999998,plotly_top1k
Milwaukee,Wisconsin,599164,43.0389025,-87.9064736,plotly_top1k
Albuquerque,New Mexico,556495,35.0853336,-106.6055534,plotly_top1k
Tucson,Arizona,526116,32.2217429,-110.926479,plotly_top1k
Fresno,California,509924,36.7468422,-119.7725868,plotly_top1k
Sacramento,California,479686,38.5815719,-121.4943996,plotly_top1k
Long Beach,California,469428,33.770050399999995,-118.1937395,plotly_top1k
Kansas City,Missouri,467007,39.0997265,-94.5785667,plotly_top1k
Mesa,Arizona,457587,33.4151843,-111.8314724,plotly_top1k
Virginia Beach,Virginia,448479,36.8529263,-75.977985,plotly_top1k
Atlanta,Georgia,447841,33.7489954,-84.3879824,plotly_top1k
Colorado Springs,Colorado,439886,38.8338816,-104.8213634,plotly_top1k
Omaha,Nebraska,434353,41.25236339999999,-95.9979883,plotly_top1k
Raleigh,North Carolina,431746,35.7795897,-78.6381787,plotly_top1k
Miami,Florida,417650,25.7616798,-80.1917902,plotly_top1k
Oakland,California,406253,37.8043637,-122.27111370000002,plotly_top1k
Minneapolis,Minnesota,400070,44.977753,-93.2650108,plotly_top1k
Tulsa,Oklahoma,398121,36.1539816,-95.992775,plotly_top1k
Cleveland,Ohio,390113,41.49932,-81.6943605,plotly_top1k
Wichita,Kansas,386552,37.688889,-97.336111,plotly_top1k
Arlington,Texas,379577,32.735687,-97.1080656,plotly_top1k
New Orleans,Louisiana,378715,29.9510658,-90.0715323,plotly_top1k
Bakersfield,California,363630,35.3732921,-119.0187125,plotly_top1k
Tampa,Florida,352957,27.950575,-82.4571776,plotly_top1k
Honolulu,Hawaii,347884,21.3069444,-157.8583333,plotly_top1k
Aurora,Colorado,345803,39.729431899999994,-104.8319195,plotly_top1k
Anaheim,California,345012,33.8352932,-117.9145036,plotly_top1k
Santa Ana,California,334227,33.7455731,-117.8678338,plotly_top1k
St. Louis,Missouri,318416,38.6270025,-90.1994042,plotly_top1k
Riverside,California,316619,33.9533487,-117.3961564,plotly_top1k
Corpus Christi,Texas,316381,27.800582799999997,-97.396381,plotly_top1k
Lexington-Fayette,Kentucky,308428,38.040583700000006,-84.50371640000002,plotly_top1k
Pittsburgh,Pennsylvania,305841,40.440624799999995,-79.9958864,plotly_top1k
Anchorage,Alaska,300950,61.2180556,-149.90027780000003,plotly_top1k
Stockton,California,298118,37.9577016,-121.29077959999998,plotly_top1k
Cincinnati,Ohio,297517,39.1031182,-84.5120196,plotly_top1k
St. Paul,Minnesota,294873,44.9537029,-93.0899578,plotly_top1k
Toledo,Ohio,282313,41.6639383,-83.555212,plotly_top1k
Greensboro,North Carolina,279639,36.0726354,-79.79197540000001,plotly_top1k
Newark,New Jersey,278427,40.735657,-74.1723667,plotly_top1k
Plano,Texas,274409,33.0198431,-96.6988856,plotly_top1k
Henderson,Nevada,270811,36.0395247,-114.9817213,plotly_top1k
Lincoln,Nebraska,268738,40.8257625,-96.6851982,plotly_top1k
Buffalo,New York,258959,42.8864468,-78.8783689,plotly_top1k
Jersey City,New Jersey,257342,40.7281575,-74.0776417,plotly_top1k
Chula Vista,California,256780,32.6400541,-117.0841955,plotly_top1k
Fort Wayne,Indiana,256496,41.079273,-85.13935129999999,plotly_top1k
Orlando,Florida,255483,28.5383355,-81.3792365,plotly_top1k
St. Petersburg,Florida,249688,27.773056,-82.64,plotly_top1k
Chandler,Arizona,249146,33.3061605,-111.8412502,plotly_top1k
Laredo,Texas,248142,27.530567100000003,-99.4803241,plotly_top1k
Norfolk,Virginia,246139,36.8507689,-76.28587259999999,plotly_top1k
Durham,North Carolina,245475,35.99403289999999,-78.898619,plotly_top1k
Madison,Wisconsin,243344,43.07305170000001,-89.4012302,plotly_top1k
Lubbock,Texas,239538,33.5778631,-101.8551665,plotly_top1k
Irvine,California,236716,33.6839473,-117.7946942,plotly_top1k
Winston-Salem,North Carolina,236441,36.0998596,-80.24421600000001,plotly_top1k
Glendale,Arizona,234632,33.538652299999995,-112.1859866,plotly_top1k
Garland,Texas,234566,32.912624,-96.6388833,plotly_top1k
Hialeah,Florida,233394,25.8575963,-80.2781057,plotly_top1k
Reno,Nevada,233294,39.5296329,-119.8138027,plotly_top1k
Chesapeake,Virginia,230571,36.7682088,-76.2874927,plotly_top1k
Gilbert,Arizona,229972,33.3528264,-111.789027,plotly_top1k
Baton Rouge,Louisiana,229426,30.458282899999997,-91.1403196,plotly_top1k
Irving,Texas,228653,32.814017699999994,-96.9488945,plotly_top1k
Scottsdale,Arizona,226918,33.494170399999994,-111.9260519,plotly_top1k
North Las Vegas,Nevada,226877,36.1988592,-115.1175013,plotly_top1k
Fremont,California,224922,37.548269700000006,-121.9885719,plotly_top1k
Boise City,Idaho,214237,43.6187102,-116.2146068,plotly_top1k
Richmond,Virginia,214114,37.5407246,-77.4360481,plotly_top1k
San Bernardino,California,213708,34.1083449,-117.2897652,plotly_top1k
Birmingham,Alabama,212113,33.5206608,-86.80249,plotly_top1k
Spokane,Washington,210721,47.6587802,-117.4260466,plotly_top1k
Rochester,New York,210358,43.16103,-77.61092190000001,plotly_top1k
Des Moines,Iowa,207510,41.600544799999994,-93.6091064,plotly_top1k
Modesto,California,204933,37.6390972,-120.9968782,plotly_top1k
Fayetteville,North Carolina,204408,35.0526641,-78.87835849999999,plotly_top1k
Tacoma,Washington,203446,47.2528768,-122.4442906,plotly_top1k
Oxnard,California,203007,34.1975048,-119.17705159999998,plotly_top1k
Fontana,California,203003,34.0922335,-117.435048,plotly_top1k
Columbus,Georgia,202824,32.4609764,-84.9877094,plotly_top1k
Montgomery,Alabama,201332,32.366805199999995,-86.2999689,plotly_top1k
Moreno Valley,California,201175,33.9424658,-117.2296717,plotly_top1k
Shreveport,Louisiana,200327,32.5251516,-93.7501789,plotly_top1k
Aurora,Illinois,199963,41.7605849,-88.3200715,plotly_top1k
Yonkers,New York,199766,40.9312099,-73.8987469,plotly_top1k
Akron,Ohio,198100,41.081444700000006,-81.51900529999999,plotly_top1k
Huntington Beach,California,197575,33.660297,-117.9992265,plotly_top1k
Little Rock,Arkansas,197357,34.7464809,-92.2895948,plotly_top1k
Augusta-Richmond County,Georgia,197350,33.4734978,-82.0105148,plotly_top1k
Amarillo,Texas,196429,35.2219971,-101.8312969,plotly_top1k
Glendale,California,196021,34.1425078,-118.255075,plotly_top1k
Mobile,Alabama,194899,30.6953657,-88.0398912,plotly_top1k
Grand Rapids,Michigan,192294,42.9633599,-85.6680863,plotly_top1k
Salt Lake City,Utah,191180,40.7607793,-111.89104740000002,plotly_top1k
Tallahassee,Florida,186411,30.4382559,-84.2807329,plotly_top1k
Huntsville,Alabama,186254,34.730368799999994,-86.5861037,plotly_top1k
Grand Prairie,Texas,183372,32.7459645,-96.9977846,plotly_top1k
Knoxville,Tennessee,183270,35.96063839999999,-83.9207392,plotly_top1k
Worcester,Massachusetts,182544,42.262593200000005,-71.8022934,plotly_top1k
Newport News,Virginia,182020,37.0870821,-76.4730122,plotly_top1k
Brownsville,Texas,181860,25.9017472,-97.4974838,plotly_top1k
Overland Park,Kansas,181260,38.9822282,-94.6707917,plotly_top1k
Santa Clarita,California,179590,34.3916641,-118.542586,plotly_top1k
Providence,Rhode Island,177994,41.8239891,-71.4128343,plotly_top1k
Garden Grove,California,175140,33.773905299999996,-117.9414477,plotly_top1k
Chattanooga,Tennessee,173366,35.0456297,-85.3096801,plotly_top1k
Oceanside,California,172794,33.1958696,-117.3794834,plotly_top1k
Jackson,Mississippi,172638,32.298757300000005,-90.1848103,plotly_top1k
Fort Lauderdale,Florida,172389,26.1224386,-80.13731740000001,plotly_top1k
Santa Rosa,California,171990,38.440428999999995,-122.7140548,plotly_top1k
Rancho Cucamonga,California,171386,34.1063989,-117.5931084,plotly_top1k
Port St. Lucie,Florida,171016,27.273049199999996,-80.3582261,plotly_top1k
Tempe,Arizona,168228,33.4255104,-111.9400054,plotly_top1k
Ontario,California,167500,34.0633443,-117.6508876,plotly_top1k
Vancouver,Washington,167405,45.6387281,-122.6614861,plotly_top1k
Cape Coral,Florida,165831,26.5628537,-81.94953309999998,plotly_top1k
Sioux Falls,South Dakota,164676,43.5445959,-96.7311034,plotly_top1k
Springfield,Missouri,164122,37.20895720000001,-93.2922989,plotly_top1k
Peoria,Arizona,162592,33.5805955,-112.2373779,plotly_top1k
Pembroke Pines,Florida,162329,26.007765,-80.2962555,plotly_top1k
Elk Grove,California,161007,38.4087993,-121.3716178,plotly_top1k
Salem,Oregon,160614,44.9428975,-123.0350963,plotly_top1k
Lancaster,California,159523,34.6867846,-118.1541632,plotly_top1k
Corona,California,159503,33.8752935,-117.5664384,plotly_top1k
Eugene,Oregon,159190,44.0520691,-123.08675359999998,plotly_top1k
Palmdale,California,157161,34.5794343,-118.11646129999998,plotly_top1k
Salinas,California,155662,36.6777372,-121.6555013,plotly_top1k
Springfield,Massachusetts,153703,42.1014831,-72.589811,plotly_top1k
Pasadena,Texas,152735,29.6910625,-95.2091006,plotly_top1k
Fort Collins,Colorado,152061,40.5852602,-105.084423,plotly_top1k
Hayward,California,151574,37.6688205,-122.0807964,plotly_top1k
Pomona,California,151348,34.055103,-117.7499909,plotly_top1k
Cary,North Carolina,151088,35.791540000000005,-78.78111690000001,plotly_top1k
Rockford,Illinois,150251,42.2711311,-89.09399520000001,plotly_top1k
Alexandria,Virginia,148892,38.8048355,-77.0469214,plotly_top1k
Escondido,California,148738,33.1192068,-117.086421,plotly_top1k
McKinney,Texas,148559,33.197246500000006,-96.6397822,plotly_top1k
Kansas City,Kansas,148483,39.114053000000006,-94.6274636,plotly_top1k
Joliet,Illinois,147806,41.525031,-88.0817251,plotly_top1k
Sunnyvale,California,147559,37.36883,-122.0363496,plotly_top1k
Torrance,California,147478,33.835849200000006,-118.3406288,plotly_top1k
Bridgeport,Connecticut,147216,41.18654779999999,-73.1951767,plotly_top1k
Lakewood,Colorado,147214,39.7047095,-105.08137340000002,plotly_top1k
Hollywood,Florida,146526,26.0112014,-80.1494901,plotly_top1k
Paterson,New Jersey,145948,40.9167654,-74.171811,plotly_top1k
Naperville,Illinois,144864,41.7508391,-88.15353520000001,plotly_top1k
Syracuse,New York,144669,43.0481221,-76.1474244,plotly_top1k
Mesquite,Texas,143484,32.7667955,-96.5991593,plotly_top1k
Dayton,Ohio,143355,39.758947799999994,-84.1916069,plotly_top1k
Savannah,Georgia,142772,32.0835407,-81.0998342,plotly_top1k
Clarksville,Tennessee,142357,36.5297706,-87.3594528,plotly_top1k
Orange,California,139969,33.787794399999996,-117.8531119,plotly_top1k
Pasadena,California,139731,34.1477849,-118.1445155,plotly_top1k
Fullerton,California,138981,33.8703596,-117.9242966,plotly_top1k
Killeen,Texas,137147,31.117119399999996,-97.7277959,plotly_top1k
Frisco,Texas,136791,33.1506744,-96.8236116,plotly_top1k
Hampton,Virginia,136699,37.0298687,-76.3452218,plotly_top1k
McAllen,Texas,136639,26.203407100000003,-98.2300124,plotly_top1k
Warren,Michigan,134873,42.5144566,-83.01465259999999,plotly_top1k
Bellevue,Washington,133992,47.610377,-122.2006786,plotly_top1k
West Valley City,Utah,133579,40.691613200000006,-112.0010501,plotly_top1k
Columbia,South Carolina,133358,34.0007104,-81.0348144,plotly_top1k
Olathe,Kansas,131885,38.8813958,-94.8191285,plotly_top1k
Sterling Heights,Michigan,131224,42.5803122,-83.0302033,plotly_top1k
New Haven,Connecticut,130660,41.308274,-72.9278835,plotly_top1k
Miramar,Florida,130288,25.9860762,-80.3035602,plotly_top1k
Waco,Texas,129030,31.549333,-97.1466695,plotly_top1k
Thousand Oaks,California,128731,34.1705609,-118.8375937,plotly_top1k
Cedar Rapids,Iowa,128429,41.9778795,-91.6656232,plotly_top1k
Charleston,South Carolina,127999,32.776474900000004,-79.9310512,plotly_top1k
Visalia,California,127763,36.3302284,-119.2920585,plotly_top1k
Topeka,Kansas,127679,39.055823499999995,-95.6890185,plotly_top1k
Elizabeth,New Jersey,127558,40.6639916,-74.2107006,plotly_top1k
Gainesville,Florida,127488,29.6516344,-82.3248262,plotly_top1k
Thornton,Colorado,127359,39.8680412,-104.9719243,plotly_top1k
Roseville,California,127035,38.7521235,-121.28800590000002,plotly_top1k
Carrollton,Texas,126700,32.975641499999995,-96.8899636,plotly_top1k
Coral Springs,Florida,126604,26.271192,-80.27060440000001,plotly_top1k
Stamford,Connecticut,126456,41.0534302,-73.53873409999999,plotly_top1k
Simi Valley,California,126181,34.2694474,-118.781482,plotly_top1k
Concord,California,125880,37.9779776,-122.0310733,plotly_top1k
Hartford,Connecticut,125017,41.7637111,-72.6850932,plotly_top1k
Kent,Washington,124435,47.380933500000005,-122.2348431,plotly_top1k
Lafayette,Louisiana,124276,30.2240897,-92.0198427,plotly_top1k
Midland,Texas,123933,31.9973456,-102.0779146,plotly_top1k
Surprise,Arizona,123546,33.62923370000001,-112.3679279,plotly_top1k
Denton,Texas,123099,33.2148412,-97.1330683,plotly_top1k
Victorville,California,121096,34.5362184,-117.2927641,plotly_top1k
Evansville,Indiana,120310,37.9715592,-87.5710898,plotly_top1k
Santa Clara,California,120245,37.354107899999995,-121.9552356,plotly_top1k
Abilene,Texas,120099,32.4487364,-99.7331439,plotly_top1k
Athens-Clarke County,Georgia,119980,33.9519347,-83.357567,plotly_top1k
Vallejo,California,118837,38.1040864,-122.25663670000002,plotly_top1k
Allentown,Pennsylvania,118577,40.6084305,-75.4901833,plotly_top1k
Norman,Oklahoma,118197,35.222566799999996,-97.4394777,plotly_top1k
Beaumont,Texas,117796,30.080174,-94.1265562,plotly_top1k
Independence,Missouri,117240,39.0911161,-94.4155068,plotly_top1k
Murfreesboro,Tennessee,117044,35.8456213,-86.39027,plotly_top1k
Ann Arbor,Michigan,117025,42.2808256,-83.7430378,plotly_top1k
Springfield,Illinois,117006,39.7817213,-89.6501481,plotly_top1k
Berkeley,California,116768,37.87159260000001,-122.272747,plotly_top1k
Peoria,Illinois,116513,40.6936488,-89.58898640000001,plotly_top1k
Provo,Utah,116288,40.233843799999995,-111.6585337,plotly_top1k
El Monte,California,115708,34.0686206,-118.0275667,plotly_top1k
Columbia,Missouri,115276,38.95170529999999,-92.3340724,plotly_top1k
Lansing,Michigan,113972,42.732535,-84.55553470000001,plotly_top1k
Fargo,North Dakota,113658,46.8771863,-96.7898034,plotly_top1k
Downey,California,113242,33.9401088,-118.1331593,plotly_top1k
Costa Mesa,California,112174,33.6411316,-117.9186689,plotly_top1k
Wilmington,North Carolina,112067,34.2257255,-77.9447102,plotly_top1k
Arvada,Colorado,111707,39.802764399999994,-105.0874842,plotly_top1k
Inglewood,California,111542,33.9616801,-118.3531311,plotly_top1k
Miami Gardens,Florida,111378,25.942037699999997,-80.2456045,plotly_top1k
Carlsbad,California,110972,33.158093300000004,-117.3505939,plotly_top1k
Westminster,Colorado,110945,39.8366528,-105.03720459999998,plotly_top1k
Rochester,Minnesota,110742,44.0121221,-92.4801989,plotly_top1k
Odessa,Texas,110720,31.8456816,-102.3676431,plotly_top1k
Manchester,New Hampshire,110378,42.995639700000005,-71.4547891,plotly_top1k
Elgin,Illinois,110145,42.035408399999994,-88.2825668,plotly_top1k
West Jordan,Utah,110077,40.6096698,-111.9391031,plotly_top1k
Round Rock,Texas,109821,30.508255100000003,-97.678896,plotly_top1k
Clearwater,Florida,109703,27.9658533,-82.8001026,plotly_top1k
Waterbury,Connecticut,109676,41.558152500000006,-73.0514965,plotly_top1k
Gresham,Oregon,109397,45.5001357,-122.4302013,plotly_top1k
Fairfield,California,109320,38.2493581,-122.0399663,plotly_top1k
Billings,Montana,109059,45.783285600000006,-108.5006904,plotly_top1k
Lowell,Massachusetts,108861,42.633424700000006,-71.3161718,plotly_top1k
San Buenaventura (Ventura),California,108817,34.274646000000004,-119.22903159999998,plotly_top1k
Pueblo,Colorado,108249,38.2544472,-104.6091409,plotly_top1k
High Point,North Carolina,107741,35.955692299999995,-80.0053176,plotly_top1k
West Covina,California,107740,34.0686208,-117.93895259999998,plotly_top1k
Richmond,California,107571,37.9357576,-122.3477486,plotly_top1k
Murrieta,California,107479,33.553914299999995,-117.2139232,plotly_top1k
Cambridge,Massachusetts,107289,42.3736158,-71.10973349999999,plotly_top1k
Antioch,California,107100,38.0049214,-121.805789,plotly_top1k
Temecula,California,106780,33.4936391,-117.1483648,plotly_top1k
Norwalk,California,106589,33.9022367,-118.081733,plotly_top1k
Centennial,Colorado,106114,39.5807452,-104.8771726,plotly_top1k
Everett,Washington,105370,47.9789848,-122.2020794,plotly_top1k
Palm Bay,Florida,104898,28.03446210000001,-80.5886646,plotly_top1k
Wichita Falls,Texas,104898,33.913708500000006,-98.4933873,plotly_top1k
Green Bay,Wisconsin,104779,44.519159,-88.019826,plotly_top1k
Daly City,California,104739,37.6879241,-122.47020790000002,plotly_top1k
Burbank,California,104709,34.18083920000001,-118.30896609999998,plotly_top1k
Richardson,Texas,104475,32.948333500000004,-96.7298519,plotly_top1k
Pompano Beach,Florida,104410,26.2378597,-80.1247667,plotly_top1k
North Charleston,South Carolina,104054,32.8546197,-79.9748103,plotly_top1k
Broken Arrow,Oklahoma,103500,36.060949,-95.7974526,plotly_top1k
Boulder,Colorado,103166,40.0149856,-105.2705456,plotly_top1k
West Palm Beach,Florida,102436,26.7153424,-80.0533746,plotly_top1k
Santa Maria,California,102216,34.953033700000006,-120.4357191,plotly_top1k
El Cajon,California,102211,32.7947731,-116.9625269,plotly_top1k
Davenport,Iowa,102157,41.5236437,-90.5776367,plotly_top1k
Rialto,California,101910,34.1064001,-117.3703235,plotly_top1k
Las Cruces,New Mexico,101324,32.3199396,-106.7636538,plotly_top1k
San Mateo,California,101128,37.562991700000005,-122.3255254,plotly_top1k
Lewisville,Texas,101074,33.046233,-96.994174,plotly_top1k
South Bend,Indiana,100886,41.676354499999995,-86.25198979999999,plotly_top1k
Lakeland,Florida,100710,28.039465399999997,-81.9498042,plotly_top1k
Erie,Pennsylvania,100671,42.1292241,-80.085059,plotly_top1k
Tyler,Texas,100223,32.351260100000005,-95.3010624,plotly_top1k
Pearland,Texas,100065,29.5635666,-95.2860474,plotly_top1k
College Station,Texas,100050,30.627977,-96.3344068,plotly_top1k
Kenosha,Wisconsin,99889,42.5847425,-87.8211854,plotly_top1k
Sandy Springs,Georgia,99770,33.9304352,-84.3733147,plotly_top1k
Clovis,California,99769,36.8252277,-119.7029194,plotly_top1k
Flint,Michigan,99763,43.0125274,-83.6874562,plotly_top1k
Roanoke,Virginia,98465,37.2709704,-79.9414266,plotly_top1k
Albany,New York,98424,42.65257929999999,-73.7562317,plotly_top1k
Jurupa Valley,California,98030,33.9971974,-117.4854802,plotly_top1k
Compton,California,97877,33.8958492,-118.2200712,plotly_top1k
San Angelo,Texas,97492,31.4637723,-100.4370375,plotly_top1k
Hillsboro,Oregon,97368,45.5228939,-122.989827,plotly_top1k
Lawton,Oklahoma,97151,34.6035669,-98.3959291,plotly_top1k
Renton,Washington,97003,47.4828776,-122.21706609999998,plotly_top1k
Vista,California,96929,33.2000368,-117.2425355,plotly_top1k
Davie,Florida,96830,26.0764783,-80.2521157,plotly_top1k
Greeley,Colorado,96539,40.42331420000001,-104.7091322,plotly_top1k
Mission Viejo,California,96346,33.6000232,-117.6719953,plotly_top1k
Portsmouth,Virginia,96205,36.8354258,-76.29827420000001,plotly_top1k
Dearborn,Michigan,95884,42.3222599,-83.1763145,plotly_top1k
South Gate,California,95677,33.954737,-118.2120161,plotly_top1k
Tuscaloosa,Alabama,95334,33.2098407,-87.5691735,plotly_top1k
Livonia,Michigan,95208,42.36837,-83.3527097,plotly_top1k
New Bedford,Massachusetts,95078,41.6362152,-70.934205,plotly_top1k
Vacaville,California,94275,38.3565773,-121.9877444,plotly_top1k
Brockton,Massachusetts,94089,42.083433500000005,-71.0183787,plotly_top1k
Roswell,Georgia,94034,34.0232431,-84.36155550000001,plotly_top1k
Beaverton,Oregon,93542,45.487062,-122.8037102,plotly_top1k
Quincy,Massachusetts,93494,42.25287720000001,-71.0022705,plotly_top1k
Sparks,Nevada,93282,39.5349112,-119.7526886,plotly_top1k
Yakima,Washington,93257,46.6020711,-120.5058987,plotly_top1k
Lee's Summit,Missouri,93184,38.9108408,-94.3821724,plotly_top1k
Federal Way,Washington,92734,47.3223221,-122.3126222,plotly_top1k
Carson,California,92599,33.8316745,-118.281693,plotly_top1k
Santa Monica,California,92472,34.01945429999999,-118.4911912,plotly_top1k
Hesperia,California,92147,34.4263886,-117.3008784,plotly_top1k
Allen,Texas,92020,33.1031744,-96.6705503,plotly_top1k
Rio Rancho,New Mexico,91956,35.2327544,-106.6630437,plotly_top1k
Yuma,Arizona,91923,32.6926512,-114.6276916,plotly_top1k
Westminster,California,91739,33.7513419,-117.9939921,plotly_top1k
Orem,Utah,91648,40.2968979,-111.69464750000002,plotly_top1k
Lynn,Massachusetts,91589,42.466763,-70.9494938,plotly_top1k
Redding,California,91119,40.5865396,-122.3916754,plotly_top1k
Spokane Valley,Washington,91113,47.6732281,-117.2393748,plotly_top1k
Miami Beach,Florida,91026,25.790654,-80.1300455,plotly_top1k
League City,Texas,90983,29.5074538,-95.0949303,plotly_top1k
Lawrence,Kansas,90811,38.9716689,-95.2352501,plotly_top1k
Santa Barbara,California,90412,34.4208305,-119.6981901,plotly_top1k
Plantation,Florida,90268,26.1275862,-80.23310359999999,plotly_top1k
Sandy,Utah,90231,40.564978100000005,-111.8389726,plotly_top1k
Sunrise,Florida,90116,26.1669711,-80.25659499999999,plotly_top1k
Macon,Georgia,89981,32.8406946,-83.6324022,plotly_top1k
Longmont,Colorado,89919,40.167206799999995,-105.1019275,plotly_top1k
Boca Raton,Florida,89407,26.3683064,-80.1289321,plotly_top1k
San Marcos,California,89387,33.1433723,-117.1661449,plotly_top1k
Greenville,North Carolina,89130,35.612660999999996,-77.3663538,plotly_top1k
Waukegan,Illinois,88826,42.3636331,-87.84479379999999,plotly_top1k
Fall River,Massachusetts,88697,41.7014912,-71.1550451,plotly_top1k
Chico,California,88077,39.728494399999995,-121.8374777,plotly_top1k
Newton,Massachusetts,87971,42.3370413,-71.2092214,plotly_top1k
San Leandro,California,87965,37.7249296,-122.1560768,plotly_top1k
Reading,Pennsylvania,87893,40.335648299999995,-75.9268747,plotly_top1k
Norwalk,Connecticut,87776,41.117744,-73.4081575,plotly_top1k
Fort Smith,Arkansas,87650,35.385924200000005,-94.3985475,plotly_top1k
Newport Beach,California,87273,33.6189101,-117.9289469,plotly_top1k
Asheville,North Carolina,87236,35.5950581,-82.5514869,plotly_top1k
Nashua,New Hampshire,87137,42.7653662,-71.467566,plotly_top1k
Edmond,Oklahoma,87004,35.6528323,-97.4780954,plotly_top1k
Whittier,California,86635,33.97917929999999,-118.032844,plotly_top1k
Nampa,Idaho,86518,43.5407172,-116.5634624,plotly_top1k
Bloomington,Minnesota,86319,44.840798,-93.2982799,plotly_top1k
Deltona,Florida,86290,28.9005446,-81.2636738,plotly_top1k
Hawthorne,California,86199,33.9164032,-118.3525748,plotly_top1k
Duluth,Minnesota,86128,46.7866719,-92.1004852,plotly_top1k
Carmel,Indiana,85927,39.978371,-86.1180435,plotly_top1k
Suffolk,Virginia,85728,36.7282054,-76.5835621,plotly_top1k
Clifton,New Jersey,85390,40.8584328,-74.16375529999999,plotly_top1k
Citrus Heights,California,85285,38.7071247,-121.2810611,plotly_top1k
Livermore,California,85156,37.6818745,-121.7680088,plotly_top1k
Tracy,California,84691,37.7396513,-121.4252227,plotly_top1k
Alhambra,California,84577,34.095287,-118.1270146,plotly_top1k
Kirkland,Washington,84430,47.6814875,-122.2087353,plotly_top1k
Trenton,New Jersey,84349,40.2170534,-74.74293840000001,plotly_top1k
Ogden,Utah,84249,41.223,-111.9738304,plotly_top1k
Hoover,Alabama,84126,33.405386699999994,-86.8113781,plotly_top1k
Cicero,Illinois,84103,41.8455877,-87.7539448,plotly_top1k
Fishers,Indiana,83891,39.95675479999999,-86.01335,plotly_top1k
Sugar Land,Texas,83860,29.6196787,-95.6349463,plotly_top1k
Danbury,Connecticut,83684,41.394817,-73.45401109999999,plotly_top1k
Meridian,Idaho,83596,43.61210870000001,-116.3915131,plotly_top1k
Indio,California,83539,33.7205771,-116.2155619,plotly_top1k
Concord,North Carolina,83506,35.4087517,-80.579511,plotly_top1k
Menifee,California,83447,33.6971468,-117.185294,plotly_top1k
Champaign,Illinois,83424,40.1164204,-88.2433829,plotly_top1k
Buena Park,California,82882,33.867514299999996,-117.9981181,plotly_top1k
Troy,Michigan,82821,42.6064095,-83.1497751,plotly_top1k
O'Fallon,Missouri,82809,38.8106075,-90.6998477,plotly_top1k
Johns Creek,Georgia,82788,34.0289259,-84.19857900000001,plotly_top1k
Bellingham,Washington,82631,48.74908,-122.4781473,plotly_top1k
Westland,Michigan,82578,42.324203999999995,-83.400211,plotly_top1k
Bloomington,Indiana,82575,39.165325,-86.5263857,plotly_top1k
Sioux City,Iowa,82459,42.4999942,-96.4003069,plotly_top1k
Warwick,Rhode Island,81971,41.700100899999995,-71.4161671,plotly_top1k
Hemet,California,81750,33.7475203,-116.9719684,plotly_top1k
Longview,Texas,81443,32.5007037,-94.7404891,plotly_top1k
Farmington Hills,Michigan,81295,42.4989936,-83.3677168,plotly_top1k
Bend,Oregon,81236,44.058172799999994,-121.3153096,plotly_top1k
Lakewood,California,81121,33.853626899999995,-118.1339563,plotly_top1k
Merced,California,81102,37.3021632,-120.48296770000002,plotly_top1k
Mission,Texas,81050,26.2159066,-98.3252932,plotly_top1k
Chino,California,80988,34.0122346,-117.688944,plotly_top1k
Redwood City,California,80872,37.4852152,-122.2363548,plotly_top1k
Edinburg,Texas,80836,26.3017374,-98.1633432,plotly_top1k
Cranston,Rhode Island,80566,41.7798226,-71.4372796,plotly_top1k
Parma,Ohio,80429,41.404774200000006,-81.72290859999998,plotly_top1k
New Rochelle,New York,79446,40.9114882,-73.78235490000002,plotly_top1k
Lake Forest,California,79312,33.6469661,-117.689218,plotly_top1k
Napa,California,79068,38.2975381,-122.286865,plotly_top1k
Hammond,Indiana,78967,41.583368799999995,-87.5000412,plotly_top1k
Fayetteville,Arkansas,78960,36.0625795,-94.1574263,plotly_top1k
Bloomington,Illinois,78902,40.4842027,-88.9936873,plotly_top1k
Avondale,Arizona,78822,33.4355977,-112.3496021,plotly_top1k
Somerville,Massachusetts,78804,42.3875968,-71.0994968,plotly_top1k
Palm Coast,Florida,78740,29.584452399999996,-81.2078699,plotly_top1k
Bryan,Texas,78709,30.674364299999997,-96.3699632,plotly_top1k
Gary,Indiana,78450,41.5933696,-87.3464271,plotly_top1k
Largo,Florida,78409,27.909466499999997,-82.7873244,plotly_top1k
Brooklyn Park,Minnesota,78373,45.0941315,-93.3563405,plotly_top1k
Tustin,California,78327,33.7458511,-117.826166,plotly_top1k
Racine,Wisconsin,78199,42.7261309,-87.78285229999999,plotly_top1k
Deerfield Beach,Florida,78041,26.3184123,-80.0997657,plotly_top1k
Lynchburg,Virginia,78014,37.4137536,-79.1422464,plotly_top1k
Mountain View,California,77846,37.3860517,-122.0838511,plotly_top1k
Medford,Oregon,77677,42.3265152,-122.8755949,plotly_top1k
Lawrence,Massachusetts,77657,42.7070354,-71.1631137,plotly_top1k
Bellflower,California,77593,33.881681799999996,-118.1170117,plotly_top1k
Melbourne,Florida,77508,28.0836269,-80.6081089,plotly_top1k
St. Joseph,Missouri,77147,39.767457799999995,-94.846681,plotly_top1k
Camden,New Jersey,76903,39.9259463,-75.1196199,plotly_top1k
St. George,Utah,76817,37.0965278,-113.5684164,plotly_top1k
Kennewick,Washington,76762,46.2112458,-119.1372338,plotly_top1k
Baldwin Park,California,76635,34.0852868,-117.96089779999998,plotly_top1k
Chino Hills,California,76572,33.989818799999995,-117.7325848,plotly_top1k
Alameda,California,76419,37.7652065,-122.2416355,plotly_top1k
Albany,Georgia,76185,31.578507399999996,-84.155741,plotly_top1k
Arlington Heights,Illinois,75994,42.0883603,-87.9806265,plotly_top1k
Scranton,Pennsylvania,75806,41.408969,-75.66241219999999,plotly_top1k
Evanston,Illinois,75570,42.0450722,-87.6876969,plotly_top1k
Kalamazoo,Michigan,75548,42.291706899999994,-85.5872286,plotly_top1k
Baytown,Texas,75418,29.735504700000003,-94.9774274,plotly_top1k
Upland,California,75413,34.09751,-117.6483876,plotly_top1k
Springdale,Arkansas,75229,36.18674420000001,-94.1288141,plotly_top1k
Bethlehem,Pennsylvania,75018,40.6259316,-75.3704579,plotly_top1k
Schaumburg,Illinois,74907,42.0333607,-88.0834059,plotly_top1k
Mount Pleasant,South Carolina,74885,32.8323225,-79.82842579999999,plotly_top1k
Auburn,Washington,74860,47.307322799999994,-122.22845320000002,plotly_top1k
Decatur,Illinois,74710,39.84031470000001,-88.9548001,plotly_top1k
San Ramon,California,74513,37.7799273,-121.9780153,plotly_top1k
Pleasanton,California,74110,37.6624312,-121.8746789,plotly_top1k
Wyoming,Michigan,74100,42.9133602,-85.7053085,plotly_top1k
Lake Charles,Louisiana,74024,30.226594899999995,-93.2173758,plotly_top1k
Plymouth,Minnesota,73987,45.01051939999999,-93.4555093,plotly_top1k
Bolingbrook,Illinois,73936,41.6986416,-88.0683955,plotly_top1k
Pharr,Texas,73790,26.1947962,-98.1836216,plotly_top1k
Appleton,Wisconsin,73596,44.2619309,-88.4153847,plotly_top1k
Gastonia,North Carolina,73209,35.262082,-81.1873005,plotly_top1k
Folsom,California,73098,38.6779591,-121.17605829999998,plotly_top1k
Southfield,Michigan,73006,42.4733688,-83.2218731,plotly_top1k
Rochester Hills,Michigan,72952,42.6583661,-83.14993220000001,plotly_top1k
New Britain,Connecticut,72939,41.6612104,-72.77954190000001,plotly_top1k
Goodyear,Arizona,72864,33.4353394,-112.3576567,plotly_top1k
Canton,Ohio,72535,40.7989473,-81.378447,plotly_top1k
Warner Robins,Georgia,72531,32.6130007,-83.624201,plotly_top1k
Union City,California,72528,37.59339179999999,-122.0438298,plotly_top1k
Perris,California,72326,33.7825194,-117.2286478,plotly_top1k
Manteca,California,71948,37.797427299999995,-121.21605259999998,plotly_top1k
Iowa City,Iowa,71591,41.6611277,-91.5301683,plotly_top1k
Jonesboro,Arkansas,71551,35.8422967,-90.704279,plotly_top1k
Wilmington,Delaware,71525,39.7390721,-75.5397878,plotly_top1k
Lynwood,California,71371,33.930293,-118.21146029999998,plotly_top1k
Loveland,Colorado,71334,40.397761200000005,-105.0749801,plotly_top1k
Pawtucket,Rhode Island,71172,41.878711,-71.38255579999999,plotly_top1k
Boynton Beach,Florida,71097,26.531786600000004,-80.0905465,plotly_top1k
Waukesha,Wisconsin,71016,43.0116784,-88.2314813,plotly_top1k
Gulfport,Mississippi,71012,30.367419800000004,-89.0928155,plotly_top1k
Apple Valley,California,70924,34.5008311,-117.1858759,plotly_top1k
Passaic,New Jersey,70868,40.8567662,-74.12847640000001,plotly_top1k
Rapid City,South Dakota,70812,44.0805434,-103.2310149,plotly_top1k
Layton,Utah,70790,41.0602216,-111.9710529,plotly_top1k
Lafayette,Indiana,70373,40.4167022,-86.8752869,plotly_top1k
Turlock,California,70365,37.494656799999994,-120.8465941,plotly_top1k
Muncie,Indiana,70316,40.1933767,-85.3863599,plotly_top1k
Temple,Texas,70190,31.0982344,-97.342782,plotly_top1k
Missouri City,Texas,70185,29.6185669,-95.5377215,plotly_top1k
Redlands,California,69999,34.055569299999995,-117.1825381,plotly_top1k
Santa Fe,New Mexico,69976,35.686975200000006,-105.937799,plotly_top1k
Lauderhill,Florida,69813,26.1403635,-80.2133808,plotly_top1k
Milpitas,California,69783,37.4323341,-121.8995741,plotly_top1k
Palatine,Illinois,69350,42.1103041,-88.03424,plotly_top1k
Missoula,Montana,69122,46.8787176,-113.996586,plotly_top1k
Rock Hill,South Carolina,69103,34.9248667,-81.02507840000001,plotly_top1k
Jacksonville,North Carolina,69079,34.7540524,-77.43024140000001,plotly_top1k
Franklin,Tennessee,68886,35.9250637,-86.86888990000001,plotly_top1k
Flagstaff,Arizona,68667,35.1982836,-111.651302,plotly_top1k
Flower Mound,Texas,68609,33.0145673,-97.0969552,plotly_top1k
Weston,Florida,68388,26.1003654,-80.3997748,plotly_top1k
Waterloo,Iowa,68366,42.492785999999995,-92.3425775,plotly_top1k
Union City,New Jersey,68247,40.6975898,-74.2631635,plotly_top1k
Mount Vernon,New York,68224,40.9125992,-73.8370786,plotly_top1k
Fort Myers,Florida,68190,26.640628000000003,-81.87230840000001,plotly_top1k
Dothan,Alabama,68001,31.2232313,-85.39048879999999,plotly_top1k
Rancho Cordova,California,67911,38.5890723,-121.302728,plotly_top1k
Redondo Beach,California,67815,33.8491816,-118.3884078,plotly_top1k
Jackson,Tennessee,67685,35.6145169,-88.8139469,plotly_top1k
Pasco,Washington,67599,46.239579299999995,-119.10056570000002,plotly_top1k
St. Charles,Missouri,67569,38.7881062,-90.4974359,plotly_top1k
Eau Claire,Wisconsin,67545,44.811349,-91.4984941,plotly_top1k
North Richland Hills,Texas,67317,32.8342952,-97.2289029,plotly_top1k
Bismarck,North Dakota,67034,46.8083268,-100.7837392,plotly_top1k
Yorba Linda,California,67032,33.888625899999994,-117.8131125,plotly_top1k
Kenner,Louisiana,66975,29.9940924,-90.2417434,plotly_top1k
Walnut Creek,California,66900,37.9100783,-122.0651819,plotly_top1k
Frederick,Maryland,66893,39.414268799999995,-77.41054090000002,plotly_top1k
Oshkosh,Wisconsin,66778,44.0247062,-88.5426136,plotly_top1k
Pittsburg,California,66695,38.027976200000005,-121.88468059999998,plotly_top1k
Palo Alto,California,66642,37.441883399999995,-122.1430195,plotly_top1k
Bossier City,Louisiana,66333,32.5159852,-93.7321228,plotly_top1k
Portland,Maine,66318,43.661471,-70.2553259,plotly_top1k
St. Cloud,Minnesota,66297,45.5579451,-94.1632404,plotly_top1k
Davis,California,66205,38.5449065,-121.7405167,plotly_top1k
South San Francisco,California,66174,37.654656,-122.4077498,plotly_top1k
Camarillo,California,66086,34.216393700000005,-119.0376023,plotly_top1k
North Little Rock,Arkansas,66075,34.769535999999995,-92.2670941,plotly_top1k
Schenectady,New York,65902,42.8142432,-73.93956870000001,plotly_top1k
Gaithersburg,Maryland,65690,39.143440600000005,-77.2013705,plotly_top1k
Harlingen,Texas,65665,26.1906306,-97.6961026,plotly_top1k
Woodbury,Minnesota,65656,44.923855200000006,-92.9593797,plotly_top1k
Eagan,Minnesota,65453,44.804132200000005,-93.1668858,plotly_top1k
Yuba City,California,65416,39.1404477,-121.6169108,plotly_top1k
Maple Grove,Minnesota,65415,45.072464200000006,-93.4557877,plotly_top1k
Youngstown,Ohio,65184,41.0997803,-80.6495194,plotly_top1k
Skokie,Illinois,65176,42.0324025,-87.7416246,plotly_top1k
Kissimmee,Florida,65173,28.291955699999995,-81.40757099999999,plotly_top1k
Johnson City,Tennessee,65123,36.3134397,-82.35347270000001,plotly_top1k
Victoria,Texas,65098,28.8052674,-97.0035982,plotly_top1k
San Clemente,California,65040,33.4269728,-117.6119925,plotly_top1k
Bayonne,New Jersey,65028,40.6687141,-74.11430909999999,plotly_top1k
Laguna Niguel,California,64652,33.5225261,-117.7075526,plotly_top1k
East Orange,New Jersey,64544,40.767323,-74.20486770000001,plotly_top1k
Shawnee,Kansas,64323,39.0228485,-94.7151865,plotly_top1k
Homestead,Florida,64079,25.468722399999997,-80.4775569,plotly_top1k
Rockville,Maryland,64072,39.0839973,-77.1527578,plotly_top1k
Delray Beach,Florida,64072,26.4614625,-80.07282009999999,plotly_top1k
Janesville,Wisconsin,63820,42.6827885,-89.01872220000001,plotly_top1k
Conway,Arkansas,63816,35.0886963,-92.4421011,plotly_top1k
Pico Rivera,California,63771,33.9830688,-118.096735,plotly_top1k
Lorain,Ohio,63710,41.452819,-82.18237459999999,plotly_top1k
Montebello,California,63495,34.0165053,-118.1137535,plotly_top1k
Lodi,California,63338,38.1341477,-121.2722194,plotly_top1k
New Braunfels,Texas,63279,29.7030024,-98.1244531,plotly_top1k
Marysville,Washington,63269,48.0517637,-122.1770818,plotly_top1k
Tamarac,Florida,63155,26.2128609,-80.2497707,plotly_top1k
Madera,California,63105,36.961335600000005,-120.0607176,plotly_top1k
Conroe,Texas,63032,30.3118769,-95.4560512,plotly_top1k
Santa Cruz,California,62864,36.9741171,-122.0307963,plotly_top1k
Eden Prairie,Minnesota,62603,44.8546856,-93.470786,plotly_top1k
Cheyenne,Wyoming,62448,41.1399814,-104.8202462,plotly_top1k
Daytona Beach,Florida,62316,29.2108147,-81.02283309999999,plotly_top1k
Alpharetta,Georgia,62298,34.07537620000001,-84.2940899,plotly_top1k
Hamilton,Ohio,62258,39.3995008,-84.5613355,plotly_top1k
Waltham,Massachusetts,62227,42.376485200000005,-71.2356113,plotly_top1k
Coon Rapids,Minnesota,62103,45.1732394,-93.3030063,plotly_top1k
Haverhill,Massachusetts,62088,42.7762015,-71.0772796,plotly_top1k
Council Bluffs,Iowa,61969,41.2619444,-95.8608333,plotly_top1k
Taylor,Michigan,61817,42.240872,-83.2696509,plotly_top1k
Utica,New York,61808,43.100903,-75.232664,plotly_top1k
Ames,Iowa,61792,42.034721999999995,-93.62,plotly_top1k
La Habra,California,61653,33.9319578,-117.94617340000002,plotly_top1k
Encinitas,California,61588,33.0369867,-117.2919818,plotly_top1k
Bowling Green,Kentucky,61488,36.9685219,-86.48080429999999,plotly_top1k
Burnsville,Minnesota,61434,44.7677424,-93.2777226,plotly_top1k
Greenville,South Carolina,61397,34.8526176,-82.3940104,plotly_top1k
West Des Moines,Iowa,61255,41.5772115,-93.711332,plotly_top1k
Cedar Park,Texas,61238,30.505197999999996,-97.8202888,plotly_top1k
Tulare,California,61170,36.20772879999999,-119.3473379,plotly_top1k
Monterey Park,California,61085,34.0625106,-118.1228476,plotly_top1k
Vineland,New Jersey,61050,39.4863773,-75.0259637,plotly_top1k
Terre Haute,Indiana,61025,39.4667034,-87.4139092,plotly_top1k
North Miami,Florida,61007,25.8900949,-80.18671379999999,plotly_top1k
Mansfield,Texas,60872,32.5631924,-97.1416768,plotly_top1k
West Allis,Wisconsin,60697,43.0166806,-88.0070315,plotly_top1k
Bristol,Connecticut,60568,41.6717648,-72.9492703,plotly_top1k
Taylorsville,Utah,60519,40.667724799999995,-111.9388258,plotly_top1k
Malden,Massachusetts,60509,42.4250964,-71.066163,plotly_top1k
Meriden,Connecticut,60456,41.5381535,-72.8070435,plotly_top1k
Blaine,Minnesota,60407,45.1607987,-93.2349489,plotly_top1k
Wellington,Florida,60202,26.6617635,-80.2683571,plotly_top1k
Cupertino,California,60189,37.3229978,-122.0321823,plotly_top1k
Springfield,Oregon,60177,44.0462362,-123.0220289,plotly_top1k
Rogers,Arkansas,60112,36.3320196,-94.1185366,plotly_top1k
St. Clair Shores,Michigan,60070,42.4974085,-82.8963604,plotly_top1k
Gardena,California,59957,33.8883487,-118.3089624,plotly_top1k
Pontiac,Michigan,59887,42.6389216,-83.2910468,plotly_top1k
National City,California,59834,32.6781085,-117.0991967,plotly_top1k
Grand Junction,Colorado,59778,39.0638705,-108.5506486,plotly_top1k
Rocklin,California,59738,38.7907339,-121.2357828,plotly_top1k
Chapel Hill,North Carolina,59635,35.913199600000006,-79.05584449999999,plotly_top1k
Casper,Wyoming,59628,42.866632,-106.313081,plotly_top1k
Broomfield,Colorado,59471,39.9205411,-105.0866504,plotly_top1k
Petaluma,California,59440,38.232417,-122.6366524,plotly_top1k
South Jordan,Utah,59366,40.5621704,-111.929658,plotly_top1k
Springfield,Ohio,59357,39.9242266,-83.8088171,plotly_top1k
Great Falls,Montana,59351,47.4941836,-111.2833449,plotly_top1k
Lancaster,Pennsylvania,59325,40.0378755,-76.3055144,plotly_top1k
North Port,Florida,59212,27.044224,-82.23592540000001,plotly_top1k
Lakewood,Washington,59097,47.1717649,-122.518458,plotly_top1k
Marietta,Georgia,59089,33.952602,-84.5499327,plotly_top1k
San Rafael,California,58994,37.9735346,-122.5310874,plotly_top1k
Royal Oak,Michigan,58946,42.4894801,-83.1446485,plotly_top1k
Des Plaines,Illinois,58918,42.03336229999999,-87.88339909999999,plotly_top1k
Huntington Park,California,58879,33.981681200000004,-118.2250725,plotly_top1k
La Mesa,California,58642,32.7678287,-117.02308390000002,plotly_top1k
Orland Park,Illinois,58590,41.6303103,-87.8539425,plotly_top1k
Auburn,Alabama,58582,32.6098566,-85.48078249999999,plotly_top1k
Lakeville,Minnesota,58562,44.6496868,-93.24272,plotly_top1k
Owensboro,Kentucky,58416,37.7719074,-87.1111676,plotly_top1k
Moore,Oklahoma,58414,35.339507899999994,-97.4867028,plotly_top1k
Jupiter,Florida,58298,26.934224600000004,-80.09420870000001,plotly_top1k
Idaho Falls,Idaho,58292,43.491651399999995,-112.0339645,plotly_top1k
Dubuque,Iowa,58253,42.5005583,-90.6645718,plotly_top1k
Bartlett,Tennessee,58226,35.204532799999996,-89.8739753,plotly_top1k
Rowlett,Texas,58043,32.9029017,-96.56388,plotly_top1k
Novi,Michigan,57960,42.48059,-83.47549129999999,plotly_top1k
White Plains,New York,57866,41.0339862,-73.76290970000001,plotly_top1k
Arcadia,California,57639,34.139729200000005,-118.0353449,plotly_top1k
Redmond,Washington,57530,47.6739881,-122.121512,plotly_top1k
Lake Elsinore,California,57525,33.668077200000006,-117.3272615,plotly_top1k
Ocala,Florida,57468,29.1871986,-82.14009229999999,plotly_top1k
Tinley Park,Illinois,57282,41.5731442,-87.7932939,plotly_top1k
Port Orange,Florida,57203,29.1383165,-80.9956105,plotly_top1k
Medford,Massachusetts,57170,42.4184296,-71.10616390000001,plotly_top1k
Oak Lawn,Illinois,57073,41.719978000000005,-87.7479528,plotly_top1k
Rocky Mount,North Carolina,56954,35.938210299999994,-77.7905339,plotly_top1k
Kokomo,Indiana,56895,40.486427,-86.13360329999999,plotly_top1k
Coconut Creek,Florida,56792,26.2517482,-80.17893509999999,plotly_top1k
Bowie,Maryland,56759,39.0067768,-76.77913649999999,plotly_top1k
Berwyn,Illinois,56758,41.8505874,-87.79366850000001,plotly_top1k
Midwest City,Oklahoma,56756,35.4495065,-97.3967019,plotly_top1k
Fountain Valley,California,56707,33.7091847,-117.9536697,plotly_top1k
Buckeye,Arizona,56683,33.370319699999996,-112.58377659999998,plotly_top1k
Dearborn Heights,Michigan,56620,42.3369816,-83.2732627,plotly_top1k
Woodland,California,56590,38.6785157,-121.7732971,plotly_top1k
Noblesville,Indiana,56540,40.0455917,-86.0085955,plotly_top1k
Valdosta,Georgia,56481,30.8327022,-83.2784851,plotly_top1k
Diamond Bar,California,56449,34.028622600000006,-117.8103367,plotly_top1k
Manhattan,Kansas,56143,39.1836082,-96.5716694,plotly_top1k
Santee,California,56105,32.8383828,-116.97391670000002,plotly_top1k
Taunton,Massachusetts,56069,41.900101,-71.08976740000001,plotly_top1k
Sanford,Florida,56002,28.802861199999995,-81.269453,plotly_top1k
Kettering,Ohio,55870,39.6895036,-84.16882740000001,plotly_top1k
New Brunswick,New Jersey,55831,40.4862157,-74.4518188,plotly_top1k
Decatur,Alabama,55816,34.605925299999996,-86.9833417,plotly_top1k
Chicopee,Massachusetts,55717,42.14870429999999,-72.6078672,plotly_top1k
Anderson,Indiana,55670,40.1053196,-85.6802541,plotly_top1k
Margate,Florida,55456,26.244526300000004,-80.206436,plotly_top1k
Weymouth Town,Massachusetts,55419,42.2180724,-70.94103559999999,plotly_top1k
Hempstead,New York,55361,40.7062128,-73.6187397,plotly_top1k
Corvallis,Oregon,55298,44.5645659,-123.2620435,plotly_top1k
Eastvale,California,55191,33.952463,-117.5848025,plotly_top1k
Porterville,California,55174,36.06523,-119.0167679,plotly_top1k
West Haven,Connecticut,55046,41.2705484,-72.94697109999998,plotly_top1k
Brentwood,California,55000,37.931868,-121.6957863,plotly_top1k
Paramount,California,54980,33.8894598,-118.15979109999998,plotly_top1k
Grand Forks,North Dakota,54932,47.9252568,-97.0328547,plotly_top1k
Georgetown,Texas,54898,30.633261800000003,-97.6779842,plotly_top1k
St. Peters,Missouri,54842,38.7874699,-90.6298922,plotly_top1k
Shoreline,Washington,54790,47.7556531,-122.3415178,plotly_top1k
Mount Prospect,Illinois,54771,42.066416700000005,-87.9372908,plotly_top1k
Hanford,California,54686,36.3274502,-119.6456844,plotly_top1k
Normal,Illinois,54664,40.5142026,-88.99063120000001,plotly_top1k
Rosemead,California,54561,34.0805651,-118.072846,plotly_top1k
Lehi,Utah,54382,40.3916172,-111.8507662,plotly_top1k
Pocatello,Idaho,54350,42.8713032,-112.4455344,plotly_top1k
Highland,California,54291,34.1283442,-117.2086513,plotly_top1k
Novato,California,54194,38.107419799999995,-122.5697032,plotly_top1k
Port Arthur,Texas,54135,29.884950399999997,-93.939947,plotly_top1k
Carson City,Nevada,54080,39.1637984,-119.7674034,plotly_top1k
San Marcos,Texas,54076,29.8832749,-97.9413941,plotly_top1k
Hendersonville,Tennessee,54068,36.3047735,-86.6199957,plotly_top1k
Elyria,Ohio,53956,41.36837979999999,-82.10764859999999,plotly_top1k
Revere,Massachusetts,53756,42.408430200000005,-71.0119948,plotly_top1k
Pflugerville,Texas,53752,30.4393696,-97.6200043,plotly_top1k
Greenwood,Indiana,53665,39.6136578,-86.10665259999999,plotly_top1k
Bellevue,Nebraska,53663,41.154362299999995,-95.9145568,plotly_top1k
Wheaton,Illinois,53648,41.8661403,-88.1070127,plotly_top1k
Smyrna,Georgia,53438,33.883992600000006,-84.51437609999999,plotly_top1k
Sarasota,Florida,53326,27.3364347,-82.5306527,plotly_top1k
Blue Springs,Missouri,53294,39.0169509,-94.2816148,plotly_top1k
Colton,California,53243,34.0739016,-117.3136547,plotly_top1k
Euless,Texas,53224,32.8370727,-97.0819541,plotly_top1k
Castle Rock,Colorado,53063,39.372212100000006,-104.8560902,plotly_top1k
Cathedral City,California,52977,33.780538799999995,-116.4668036,plotly_top1k
Kingsport,Tennessee,52962,36.548434,-82.5618186,plotly_top1k
Lake Havasu City,Arizona,52844,34.483901,-114.3224548,plotly_top1k
Pensacola,Florida,52703,30.421309,-87.2169149,plotly_top1k
Hoboken,New Jersey,52575,40.7439905,-74.0323626,plotly_top1k
Yucaipa,California,52536,34.033625,-117.0430865,plotly_top1k
Watsonville,California,52477,36.910231,-121.7568946,plotly_top1k
Richland,Washington,52413,46.2856907,-119.2844621,plotly_top1k
Delano,California,52403,35.7688425,-119.2470536,plotly_top1k
Hoffman Estates,Illinois,52398,42.062991499999995,-88.1227199,plotly_top1k
Florissant,Missouri,52363,38.789217,-90.322614,plotly_top1k
Placentia,California,52206,33.87223710000001,-117.8703363,plotly_top1k
West New York,New Jersey,52122,40.787878799999994,-74.0143064,plotly_top1k
Dublin,California,52105,37.7021521,-121.9357918,plotly_top1k
Oak Park,Illinois,52066,41.885031700000006,-87.7845025,plotly_top1k
Peabody,Massachusetts,52044,42.5278731,-70.92866090000001,plotly_top1k
Perth Amboy,New Jersey,51982,40.5067723,-74.2654234,plotly_top1k
Battle Creek,Michigan,51848,42.32115220000001,-85.17971419999999,plotly_top1k
Bradenton,Florida,51763,27.4989278,-82.5748194,plotly_top1k
Gilroy,California,51701,37.0057816,-121.5682751,plotly_top1k
Milford,Connecticut,51644,41.2306979,-73.064036,plotly_top1k
Albany,Oregon,51583,44.6365107,-123.1059282,plotly_top1k
Ankeny,Iowa,51567,41.7317884,-93.6001278,plotly_top1k
La Crosse,Wisconsin,51522,43.8013556,-91.2395807,plotly_top1k
Burlington,North Carolina,51510,36.0956918,-79.43779909999999,plotly_top1k
DeSoto,Texas,51483,32.589699800000005,-96.8570738,plotly_top1k
Harrisonburg,Virginia,51395,38.449568799999994,-78.8689155,plotly_top1k
Minnetonka,Minnesota,51368,44.9211836,-93.4687489,plotly_top1k
Elkhart,Indiana,51265,41.6819935,-85.9766671,plotly_top1k
Lakewood,Ohio,51143,41.481993200000005,-81.7981908,plotly_top1k
Glendora,California,51074,34.136118700000004,-117.865339,plotly_top1k
Southaven,Mississippi,50997,34.9889818,-90.0125913,plotly_top1k
Charleston,West Virginia,50821,38.3498195,-81.6326234,plotly_top1k
Joplin,Missouri,50789,37.0842271,-94.513281,plotly_top1k
Enid,Oklahoma,50725,36.3955891,-97.8783911,plotly_top1k
Palm Beach Gardens,Florida,50699,26.8233946,-80.1386547,plotly_top1k
Brookhaven,Georgia,50603,33.8651033,-84.3365917,plotly_top1k
Plainfield,New Jersey,50588,40.6337136,-74.40737359999999,plotly_top1k
Grand Island,Nebraska,50550,40.92639570000001,-98.3420118,plotly_top1k
Palm Desert,California,50508,33.7222445,-116.3744556,plotly_top1k
Huntersville,North Carolina,50458,35.410694,-80.8428504,plotly_top1k
Tigard,Oregon,50444,45.4312294,-122.7714861,plotly_top1k
Lenexa,Kansas,50344,38.9536174,-94.7335709,plotly_top1k
Saginaw,Michigan,50303,43.4194699,-83.9508068,plotly_top1k
Kentwood,Michigan,50233,42.8694731,-85.6447492,plotly_top1k
Doral,Florida,50213,25.8195424,-80.3553302,plotly_top1k
Apple Valley,Minnesota,50201,44.7319094,-93.21772,plotly_top1k
Grapevine,Texas,50195,32.9342919,-97.0780654,plotly_top1k
Aliso Viejo,California,50175,33.5676842,-117.7256083,plotly_top1k
Sammamish,Washington,50169,47.616268299999994,-122.0355736,plotly_top1k
Casa Grande,Arizona,50111,32.8795022,-111.7573521,plotly_top1k
